text,target
saying quite time absent net figured stick neck bit royals set record fewest runs scored al team since inception dh rule ideas fall easily short runs damn sure believe media fools picking win division like detroit news claiming kind genius made sean,rec.sport.baseball
giant five man rotation trevor swift put day disables take starts,rec.sport.baseball
term stopper generally used refer pitcher one counted pitch strong game keep team going losing streak braves plenty pitchers fit description although right expect take mantle braves lack however offensive stopper somebody look bring hitting slump one braves got rid best pure hitter current roster ever shown cursory ability hit oh another thing worries seems slowed step scary slow much going,rec.sport.baseball
anyone know twins games broadcast good ole ames iowa,rec.sport.baseball
curious anyone started standout early season bb ddd year expect phillies staff getting wins would rank may among early league leaders bombs come phils expense neither exactly know tater prowess past rockies early know mile high produced ton runs launching pad everyone expected yet concerned fan bb ddd,rec.sport.baseball
little something found reading village voice noted sports coverage occasionally print interesting features year analyses season presented form lyrics article front give memorable ones remember know melody could dig interest yankess tune subterranean homesick blues basement mixing medicine pavement thinking government trench coat bat paid says got bad back wants get laid look kids somethin know mets tune like rolling stone upon time played fine threw away prime people said beware bound roam thought kidding used laugh strawberry headin talk loud seem proud shop next deal phillies tune highway well fun keep highway giants tune ballad story man came pan something never done sits owner box one day could tampian world lpo rutgers anime po box atlantic anime alliance brunswick nj,rec.sport.baseball
yeah point still need offense score runs allow braves fine pitching staff still half game,rec.sport.baseball
anyone notice words baseball printed picture joe robbie stadium opening day season preview section usa today reason given also noticed something looking timeline preview became strikeout pitched oakland believe last game made pitched day certain someone stole base overshadowed seems lot publicity expense deserves seems net agrees seen lately great players outclassed playing importantly attitude thoughts,rec.sport.baseball
actually padres year far league hrs solo shots pythagorean projection puts winning percentage need pitching help fast good news though throwing curveballs pain threw pitches yesterday back couple weeks maybe trade yankees,rec.sport.baseball
guys think mean heck women even thinking getting baseball cause many problems look remember feisty reporter entered new england patriots locker room started crying like little girl think women belong man sport smart guys flame know given example football cares still applies male sports women umpires jeez look woman everybody face earth thinks great getting opportunity ump even watched games iq greater roast beef see nearly good aaa umpires besides probably worried cracking fingernail foul tip bat bat either way many complications,rec.sport.baseball
writes strong possibility bucs absolutely catching prospects minors point least nobody ready serious duty main reason might stayed could age especially creeping toward something things considered though lot comfortable behind plate decent backup backstop looking work,rec.sport.baseball
well question still answered bad enough release year get much playing time last year yes know part platoon got playing time answer question obviously better year also obvious last year taking away playing time righties,rec.sport.baseball
one really sorry hear cubs sent minors,rec.sport.baseball
lines favorite team sweeping dodgers one least favorite la sweet also mets least favorite team loss rockies made great day great start weekend cardinals espn tonight great start cardinals seem hitting clutch even though games lots hits many runs hopefully coaches stress situational hitting spring training runners lob lower year probably due high strikeout numbers year know fuss fillies media filly fans forget right behind standings give wild thing week two starts blowing games see first believe cardinal pitching staff complete filly staff make difference side note years ago comment made baseball player manager dodger defense asked hit ball dodgers replied fair remember said section sports illustrated would like know said issue go redbirds,rec.sport.baseball
well bit less exuberant tone substance predictions responses would probably bit measured may always form really performing beyond might reasonably expected know sox responding likely suspect new hitting coach certainly likely give credit hot start optimistic scenario unreasonably shown much power yet though tell providing leadership perhaps perhaps maybe finally showing people skills supposed hired maybe myth hitting reasonably well well three games look one say july bit better could reasonably expected forget zupcic looked like lite ab last year beware small sample sizes still hits well last year great improvement sox leadoff hitter last year aware career numbers seem indicate puts good numbers long make ab year ummm sorry buy field part think better plate general pretty good hitter could carry little luck could fourth fifth best better see make quick left turn aether plausible third unlikely phrases like could run away division likely get visit men white coats really clear staff better last year well go dl pitch barely well enough avoid losing spot rotation could better hand pitches miserably stupid move pen bring somebody continues pitch dismally keep giving innings becasue lefty explodes could pretty bad aix development,rec.sport.baseball
curiousity whenever person put person list longer specificed time seen person maybe months last year remember need little clarification disabled list specifications scotyy,rec.sport.baseball
brings interesting point anyone else catch espn piece prospects relationship age career length mvps hall fame members part preseason special basically looked players amassed plate appearances abs time noticed interesting things starters found players comprised majority mvps history game also found players represented majority players hall fame kicker though actually found players careers lasted much longer careers players group also found players produced greater level performance produced twice raw totals hrs etc players first group outhit second something like raw ba blew away second group categories hrs rbis etc impressive thing seen espn recent memory guess makes rebuttal tonight,rec.sport.baseball
wish sold copy jewish baseball stars short shelf one top toilet tank special writing books astonishingly awful every sportswriting cliche taken nth degree mangled funny author think,rec.sport.baseball
comes dl april evaluated throwing well without pain side deshields dl suffered chicken pox lost official total pounds back hopefully next week back tonight tomorrow,rec.sport.baseball
telling three call mom ask,rec.sport.baseball
anyone list vegas odds teams making world series appreciate mailing thanks,rec.sport.baseball
umps saw weekend boxscores knew pitchers needed help would watching sunrise,rec.sport.baseball
always possible case think blatant discrimination going clearly allowing opposition use baseballs dodgers almost impressive also got intentional walk stretch farm animal beyond natural length,rec.sport.baseball
lost bit edge worst start uh lost edge years ago one average year last goes prove better good lucky count good tomorrow seems prone bad starts bad finish last year yes enjoying every last run gives said better signing hey see boston world series rings fingers oooooo cheap shot damn three probably hall fame future cares two came toronto jays signed instead would got ring would way year therefore would say toronto easily made best signing logic curious spurious reason believe viola would many games signed toronto compare stupid records sure compare team offensive averages looking anything like sweepstakes year later basically hindsight plenty reasons apparent better pitcher based previous recent years also based age almost years younger many knew people got caught world series wins last year wins stupidest misleading statistic baseball far worse rbi means jays got lot runs really valid retort red sox trying get oh sure said first choice afterwards expected would say tell boston win year wo even top division like true wo lack contribution viola cares,rec.sport.baseball
supposed take compliment put wondering service entire baseball world usenet especially east coast ca get final scores west coast games newspapers late tv newscasts helpful fans countries either receive weekly scores updates week also many requested kind service previously available bbs pay news services way mine free charge copyright restrictions remember post final scores updated standings day newsgroup everything done private currently people mailing list branches mailing lists available many others list grows average people day people usenet really want see postings daily basis please let know response overwhelming posts wo anymore thanks time rams lakers jtchern kings dodgers raiders clippers,rec.sport.baseball
boxscores beware original poster looks louisville chances louisville gets edition nytimes printed chicago midwest edition boxscores monday sunday extremely skimpy sports section game summaries mostly color stories,rec.sport.baseball
multipurpose subject let forget shea designed accommodate mets jets first stadium think box seats rollers could oriented right angles baseball parallel football course jets gone jersey truly good football stadium mets saddled multipurpose stadium circular seats almost always far action mets announcers particular always hyped beautiful shea stadium tipoff unbeautiful truly,rec.sport.baseball
right signal strong live west philadelphia get fan almost perfectly sports fans dream especially person ny wants hear teams away school turned lupica neither wanted work full four hour show old slot broken two seperate show happen suck comparison back guys like said live philly hear fan wip whenever want stand wip loathe philly sports teams phillies favorite nl team yanks favorite al eagles bad either two big problems total emphasis home teams especially eagles unlike fan hosts least answer question team caller asks wip hosts seem clue team play broad street also fans periodic sports updates every minutes gives sports news scores around country rare hear score reported wip hosts exception miss days fan none hosts really seems broad knowledge sport good presence worst seems hired solely basis used play eagles anyway two cents whole fan vs wip battle,rec.sport.baseball
agree disagree saying batters efforts result wins losses probably correct mean wins losses means something would rather player increased teams chances winning pas would player increased chances winning pas thus appears obvious positive association statistic winning games thus disregard stat appears study must go sort relationship problem insistance number mean exactly many wins team first using averages many seasons applying one game second remember players performance take away chance winning player gets gets negative probability cases thus sure given game add numbers team add game sometimes add one sometime less one also pitchers bad performances giving runs may given large negative percentage game also batter pulled night would give large negatives really smaller sample size would think however number runs score first inning would good prediction many runs score last inning realize something else closer usually comes close situation blow hard argue runs closer gives game equal importance given first inning look closer giving runs often means team lose many games hand starter gives runs often still leaves team chance win offence many outs something saying late inning situations equally important either runs ninth really matter many runs pitcher gives ninth would assume teams probability winning would possesion free throws made look point seconds left fairly high probability win game possesion ball forget somebody elses missed shots turnovers fouls bad defense etc caused negative chance team would win reading discussion statistic feel critisize certain extent agenda first look statistic valadates clutchness really cluthness revolves around idea certain players crucial situation elevate performance others performance goes never seen convincing proof really happens assume clutchness means except lot noice statistic positive association player performance way get rid noice believe clutchness certainly could find average value home run example may find instance home run increases chance winning average strikeout decreases chance winning bet done would find statistic good statistics predicting wins losses evaluate relief pitchers say exact pitching statistics runs earned runs bb etc exceptional numbers however pitched closer situations mop man valuble team probably better pitcher probably,rec.sport.baseball
would like make everyone aware winning nl west atlanta braves lead games houston astros percentage points ahead unbeatable braves go astros,rec.sport.baseball
anyone al individual stats find,rec.sport.baseball
serious pitchers nl nl pitcher cranking al stay game cranking nl may especially pitchers duel team needs extra run,rec.sport.baseball
usually one two teams changes logo minor uniform change per season past seasons incredible thoughts new old reds uniforms remember seeing rookie card unless miss guess wearing exact duds mets performance today reinserted mets patch shoulder changed mets insgnia front jersey knowledge first time changed since reminds little dodger logo many teams opted return previous style uniform least uniforms look traditional phillies reds expos white sox padres etc bright colors altered gray trend also seen newer baseball fields resembling parks early years opposed saucer stadiums construcrted throughout sixties salaries reaching unbelievable highs one comissioner office play horizon nice see baseball least looks like meant,rec.sport.baseball
underpaid players players common qualify arbitration never free agents called reserve clause look year whine several guys way overpaid getting outrageous raises arb humbug,rec.sport.baseball
rbi worthless stat course stolen bases sometimes runners front player would otherwise run course pitchers pitch differently different people different bases batting average slugging obp hmmm guess homers would count either point rbi might perfect stat nothing stat lack tell clutch hitters maybe stat tell either people know,rec.sport.baseball
ok asked guess bode well cubs,rec.sport.baseball
might sense humor favorite stuff zero heros players hit homers long time lgtgah named box score line week incidentally found column moved sundays get dad send boston every week great stuff,rec.sport.baseball
writes would bother,rec.sport.baseball
,rec.sport.baseball
add white sox reliever mets system list,rec.sport.baseball
trying think respond without involving personal feeling perceptions without stats back points however think approached wrong way believe people mentioned deserve hall fame feel much better players saying deserve go would deserve imho definately guy couple years could hit atleast respectable averag rest career think feared pitchers also think lot game mean really fan met part career still would back hall fame think feared pitchers several season hit respectable average production numbers opinion without stats better probably quite bit also perceive leader maybe much people none less leader think made substantial contributions game baseball society examples charitable things done know yankees think type player kids look definately criteria hall fame think deserves consideration maybe would see stats definately would deserve go likes kingman maybe good career leader although silent one good role model stats good enough sure would believe much better average well power numbers good think much publicity great years guess kind depends numbers top head would take first well strongly disagree guys deserve sure talked leadership guys leaders instumental leading teams post season good offensive numbers average power okay numbers offensively difference gave home run every run saved making incredible play shortstop would shattered home run mark many great plays saved games many great plays motivated team rally win game believe guys numbers baseball numbers least winning baseball numbers guys proven stars belong hall fame also belongs class player sure probably guess could see someone making case first choice see someone might bring name probably reason say definately still time left career continues probably turn definately really doubt think heard something records maybe good know hear number numbers contributions game community great role model would say best pitcher ever pitch game probably even top would first pitcher would put hall fame accomplishments strikeouts respectable numbers even weaker teams go really hope gets possible votes summing groups belong probably sure lean towards saying belong least without seeing stats possibly hearing reasons go yes mail maybe definately said stats around numbers back entirely opinions based perceptions,rec.sport.baseball
ekdfc rules say baseball game two teams nine players let keep way rules say pretty dumb argument really little mind boggled rule book yet would please post new wording rule mightily curious much thanks,rec.sport.baseball
roar michigan trumbull loader ever year head back booth tiger bats bang summer already scored runs two games fielder think win division pitching bull gully moore wells make decent staff keep team many games close watch boston toronto baltimore motor city kittys back,rec.sport.baseball
could writes weekly press syndicate also baseball america done sort thing never serious usually states sort projection useless top columns think one season manager projected thrown games hitter could expect plunked times really funny stuff weekly baseball reviews good collections strange things happened previous week also regularly prints kinerisms,rec.sport.baseball
snip stats deleted seen nominate last bit quote week point advantage important offensive category studied joe carter school impressive mediot stats largely due opportunities rather quality lines fairly close value edge chopped liver still man beat among al second basemen,rec.sport.baseball
second straight game california scored ton late runs crush brewhas six runs win monday five six win yesterday pitched seven strong innings took part mockery bullpen yesterday numbers pitched three scoreless innings era next lowest staff ouch look much better hitters batting thon hitting seven rbi next highest three next best hitter team hr another ouch looking stats hard see team fact sound bad averaging three giving still early things undoubtedly get better offense come around bullpen major worry fetters austin gave brewers great middle relief last year fetters pick pace team successful milwaukee number games last year middle relief either held small leads kept small deficits place starters okay defense alright hitting come around bullpen big question mark news reactivated yesterday sent picked montreal today game california cancelled,rec.sport.baseball
first game first bat,rec.sport.baseball
wondering friend talking day reason trying come names jewish baseball players past present able come much except somebody maybe anyone come know sounds pretty lame racking brains humor us thanks help,rec.sport.baseball
despite walks loses deserves hall fame based records extra people think hof name qb reading editing printing text address without express written consent disclaimer usual major league baseball prohibited,rec.sport.baseball
phillies picked first someone replied people picked people picked mets last year reply yeah may true,rec.sport.baseball
sorry asking question entirely based technical aspects space could find answer faqs currently uk makes seeing space shuttle launch little difficult however selected exchange student louisiana state uni august absolutely determined get see space shuttle launch sometime year america hear bit long mailing list someone tell get tickets get please thanks much patience anyone else wants know tell summarize save poor people pay links,sci.space
lot small miners longer miners people living rent free federal land claim miner facts many people sustaint heir income mining often even live full time fotentimes fair bit environmental damage minign statutes created inthe west uninhabited designed bring people frontier times change people change deal constitutional right live industry forever anyone claims right job particular spouting nonsense long term federal welfare program outlived usefulness,sci.space
spite great respect people speak think cost estimates bit nothing else working ssto least complex large airliner smaller experience base therefore seems ssto development cost least much typical airliner development puts range true contest would result much larger market think would enough attract investors given risks involved could gurantee ssto costs gurantee captures available launch market think could allen,sci.space
posible make copies photographs aerospace photographs nasm pay copyright fee,sci.space
political science paper funding nasa politics would interested information funding practices histories major programs apollo sts ssf etc funding ssto contrast could someone please recommend sources would useful thank,sci.space
questions issues wrt congress raised discussed replies must always see things black white terms radius vision increases hm circumference mystery grows,sci.space
usually possible reach people iki institute space research moscow writing machine esa darmstadt germany dedicated phone line machine someone logs regularly retrieve mail addition several user accounts belonging russian scientific institutions user commercial enterprise based san francisco provides email services former ussr example fian physics institute academy sciences initials transliterated russian course connections cost russians real dollars even received messages please send anything voluminous frivilous larry national radio astronomy observatory,sci.space
evidence indicates gamma ray bursters far away distribution isotropic intensity distribution crudely speaking indicates seeing edge distribution given enormous power wondering quantum black holes something like fairly close would galactic ranges good old days gro data thought gamma bursters neutron stars galaxy expected gro would confirm either showing local population within hundred light years galactic halo mechanism known several plausible ones existed also fair noted burster probably lmc suggesting theorists might wrong back sun center galaxy halo population show anisotropy local disk population ruled completely stage avoid anisotropy push halo energy gets large mechanism getting ns far becomes questionable start see example andromeda bursters data consistent either oort cloud distribution one think plausible source right spectrum cosmological distances hence isotropy edge edge universe cosmological distances need high energy detect compact source spectrum ergo neutron star colliding another neutron star black hole even getting spectrum hard conceivable know anything physics level bursters due quantum black holes cosmic strings wrong spectrum one thing situation complicated recent claims two classes sources colliding ns actually probably fit relatively easily collision scenarios respectively pet theory flying saucers entering hyperspace reason asking everyone assumes colliding nuetron stars spinning black holes wondered mechanism could exist place closer think one remember invite stockholm,sci.space
ok opinion long stuff returns earth turns true time get seriously active terrorism unbelievable people think selling every bit promises make money guess really deserve wiped uv radiation folks stupidity wins guess true pure numbers another depressed planetary citizen hoover,sci.space
deal life mars save face heard associated theories sound thin going back mars look face agian anyone buy life theories,sci.space
date space shuttle answers launch schedules tv coverage shuttle launchings landings schedules see shuttle operations discussed usenet group posts compressed version shuttle manifest launch dates information periodically manifest also available ames space archive portion manifest formerly included faq removed please refer posting archived copy date information upcoming missions call kennedy space center official nasa shuttle status reports posted frequently shuttle roll liftoff following answer translation provided ascent guidance flight control training manual asc vertical rise phase launch pad attitude commanded rel sufficient assure launch tower clearance achieved tilt maneuver roll program orients vehicle heads attitude required generate negative turn alleviates structural loading advantages attitude performance gain decreased abort maneuver complexity improved look angles crew view horizon tilt maneuver also required start gaining downrange velocity achieve main engine cutoff meco target second stage really good answer couched nasa jargon try interpret wait shuttle clears tower rolling roll shuttle around angle attack wind caused passage atmosphere relative wind chord wings imaginary line leading edge trailing edge slightly negative angle negative causes little bit downward force toward belly orbiter direction force alleviates structural loading careful wings delicate part vehicle new attitude roll also allows us carry mass orbit achieve higher orbit mass change orbit higher lower inclination would case roll performance gain new attitude allows crew fly less complicated flight path execute one dangerous abort maneuvers return launch site decreased abort maneuver complexity new attitude improves ability radio antennae good signal radio antennae orbiter improved look angles new attitude allows crew see horizon helpful mandatory part piloting flying machine new attitude orients shuttle body nearly parallel ground nose east usually allows thrust engines add velocity correct direction eventually achieve orbit remember velocity vector quantity made speed direction shuttle large horizontal component velocity small vertical component attain orbit begs question launch pad oriented give nice attitude begin shuttle need roll achieve attitude answer pads leftovers apollo days shuttle straddles two flame trenches one solid rocket motor exhaust one space shuttle main engine exhaust see effects daytime launch srm exhaust dirty gray garbage ssme exhaust fluffy white steam watch difference top orbiter side bottom external tank side stack access tower support service structure oriented basically way saturn side note saturn also roll program ask shuttle guy checked buddy ascent dynamics added roll maneuver really maneuver three axes roll pitch yaw roll component maneuver performed reasons stated pitch component controls loading wings keeping angle attack within tight tolerance yaw component used determine orbital inclination total maneuver really expressed quaternion concept combining three rotation matrices one array receive nasa tv channel nasa select nasa select broadcast satellite access satellite dish find select satcom transponder degrees west longitude audio frequency mhz stationed atlantic increasingly difficult receive california points west events special interest shuttle missions select sometimes broadcast second satellite viewers ca get satellite feed cable operators carry select worth asking select schedule found nasa headline news frequently posted generally carries press conferences briefings nasa officials live coverage shuttle missions planetary encounters select recently begun carrying much secondary material associated spacelink missions covered amateur radio frequencies shuttle missions following believed rebroadcast space shuttle mission audio los angeles ames research center mountain view california goddard space flight center gsfc greenbelt maryland johnson space center jsc houston texas jet propulsion laboratory jpl pasadena california voice bulletins station vhf transmits mission audio special event station frequencies supplying keplerian elements mission information also transmits mission audio transmit voice bulletins utc frequencies bands require usb frequencies bands lsb use fm vhf frequencies item recently updated courtesy gary morris solid rocket booster fuel composition reference shuttle flight operations manual volume solid rocket booster systems nasa document propellant composition percent ammonium perchlorate oxidizer aluminum iron oxide burn rate catalyst rubber epoxy curing agent end reference comment aluminum rubber epoxy burn oxidizer,sci.space
read article computer technology stated every new computer technology actually lower slower replaced silicon less effective germanium products available gaas less capable silicon slower existent single processors argument though new technologies promised either theoretically future higher performance lower cost higher densities think may model elv certainly launch weight ssrt ssrt offers prospect greater cycle times lower costs kind speculative posting thought throw hjistorical framework interested project,sci.space
reading popular science morning surprised ad back know lot ads back ps fringe science questionablely legal one really grabbed attention company name personal missle something like anyhow ad stated sell rockets length engines sizes also said rockets reach feet aside obvious dangers amateur rocketeer using one beasts illegal ca imagine faa allowing people shoot rockets flight levels passenger planes even mention problem locating rocket comes going even think buying one crazy mine carries pounds dynamite dokas,sci.space
allen sometimes think sometimes tend rashly leap making statement without thinking wan na guess today need launch hlvs send large amounts stuff know private titan pad,sci.space
mean saying thought effort profitable money efficiently spent providing max value per money spent think would answer yes questions exceptions would places like us french indian war end us revolution even colonies revolted given independance british engaged lucrative trading former colonies five years american revolution england still largest us trading partner allen,sci.space
current orbital elements norad element sets carried celestial bbs updated daily possible documentation tracking software also available system service satellite user community current elements current shuttle mission provided celestial bbs may accessed bps using data bits stop bit parity element sets also updated daily shuttle elements documentation software also available via anonymous ftp directory sts,sci.space
might suggest giving management mumble time asking leading question two three parts long term expectations space market projects specifically funding internal funds levels competition expect area last point always worth hitting upper management gently want think hard good case really competion,sci.space
want fun plug basic formulas lotus use spreadsheet auto graphing functions produce bar graphs based latitude tilt hours day light avg,sci.space
,sci.space
also would maybe get russians involved resources part need capital goal wonder renting russians resources would disqualification,sci.space
actually longer true last years congress ammended laws provide whatever needed note spacehab comet funded way problems legal technical problem nasa culture allen,sci.space
doubt good prospects self armoring system venus surface conditions several hundred degrees high pressure possibly sulfuric nitric acids oxides notion consider outer planets rs might pick ices less extream upper atmosphere conditions buying deeper penetration nice creative idea unlikly worthy thinking,sci.space
even worse city atlanta proposal rent space orbiting billboard considering caliber people running city telling going leering us orbit,sci.space
methodology,sci.space
actually legal familiar ad speaking knowing popular science probably fringe however may speaking public missle legitimate company around due advances composite fuels engines available model rockets using similar composites srb fuel roughly times powerful black powder motors even available reloadable form aluminum casing end casings engines range way common manufacture heard used special occasions model rocket however rocket ca contain metal structural parts amongst requirements never heard model rocket heard foot flights require faa waivers course large national launches ldrs fireballs see many sized engine flights actually using engine constitutes area high power rocketry seperate normal model rocketry purchase engines like describing require membership national association rocketry tripoli rocketry part educational institute company involved rocketry amatuer rocketry another area really familiar area metal parts allowed along liquid fuels know kind regulations involved sure numerous,sci.space
positional uncertainties assume know galileo within meters without hga pretty good ideas look imaging hga working could slew around near real time less speed light delay imaging toutatis someone get lucky guess find first images also imagine mostly visual image affect imaging missions lga real tight allocation bandwidth may premature hope answers thought throw floor,sci.space
forwarded mars observer project mars observer status report april pdt flight sequence active spacecraft subsystems instrument payload performing well array normal spin outer cruise configuration uplink downlink via high gain antenna uplink bps downlink engineering data rate result spacecraft entering contingency mode april payload instruments automatically powered fault protection software gamma ray spectrometer random access memory successfully reloaded monday april prepare magnetometer calibrations rescheduled execution flight sequence tuesday wednesday next week reload payload data system random access memory take place morning beginning weekend flight team send commands perform differential ranging obtain additional data analysis navigation team radio science ultra stable oscillator testing take place monday flight sequence uplink occur sunday april activation midnight monday evening april modified include magnetometer calibrations could performed due contingency mode entry april magnetometer instrument calibrations allow instrument team better characterize magnetic field effect instrument information critical martian magnetic field measurements occur approach mapping phases mag cals require sequence command spacecraft array normal spin state perform slew roll maneuvers provide mag team data points varying spacecraft attitudes orientations,sci.space
,sci.space
assume guessed assumed energy event law law incorrect assume unknown material dark matter inhibits gamma ray propagation could possible actually seeing much less energetic events happening much closer us even distribution could caused characteristic propagation distance gamma rays shorter thickness disk galaxy idle babbling work email home email dead,sci.space
well got responses interviews interesting responders however case posting overlooked incredibly talented person posting looking someone special tandem computers currently looking software wizard help us architect implement generalized instrumentation subsystem part proprietary operating system kernel tns kernel tns kernel proprietary parallel operating system tns kernel wide connectivity open standards key individual contributor role work developers working various components transaction management facility background needs encompass following categories would excellent category math working knowledge statistics real analysis used experimental physics chemistry engineering category working knowledge telemetry issues time series autocorrelation statistical correlation data streams category integration test instrumentation systems test payloads flight modules etc category software engineering programming skills algorithms systems software techniques,sci.space
put wink end suggestion indicating intensely sarcastic ca help everyone got serious never saw original posting dropped floor somewhere saw trickle thought intensely stupid knowing anything joke mentioned left equally stupid joke bill ever increasing devotion thoroughness dug several arbitron stats think arbitron stats severely methodologically impaired good measure proportion think anyone knows many people read news anymore,sci.space
sure describe aptly understand speed near supersonic wind behaves like fluid pipe becomes incompressible wind bend away wing edges wing thickens pipes bend place go begin stall force compression stealing power vehicle high drag squeeze fuselage pipes aplace bend drag reduced essentially teh cross sectional area aircraft shoulf remain constant areas fuselage wings subtract teh cross sectional area wings fuselage,sci.space
cu people continue big ozone scientists consistent also consistent new comercial applications nasa clinton pushing hard anyone catch rocket launched movie advert think rocket people got alot painting sides movie stuff thing years back nasa trying find ways get people space funding business time frankly thought trying funding gets tight innovative get funded one things nasa big pi show proposal proposal significantly higher probability funded proposal merit money talks,sci.space
speech delivered space foundation conference colorado springs colorado april delightful opportunity cause trouble providing forum would sincerely like thank space foundation topic today single stage rocket technology rocket ssrt intend speak lower cost make rapid progress ssrt mind hope convince erupting new rallying cry generation space faster cheaper better faster cheaper better ssrt represent passing torch one technical generation another new thing sure also relearning old things past masters rolled ssrt baby two weeks ago called experts told us violates laws physics made sense example former president aerospace said ssrt times defies best principles launching payloads space well made us mad principles ssrt defies well tell violates principle need giant program office build space hardware violates fact takes years build something new violates truism cant anything significant less many billions dollars took last generation experts teach us lessons first rocket saturn general take ten years demonstrate airplane cost billion took one great engineers remind us truths remind senior engineer thor irbm program old faster better cheaper success story persistent vision single stage reusable space launch system since knew done affordable steps build little test next persuaded us technology demonstration solicit bunch requirements change every years anyway included speech ephemeral requirements would better known shape shifter space lifter spend lot money cost million last time even built new airplane take lot time build completed months finally government program office consisted one air force major motivated part threat get ride lawn chair ran cost schedule described ssrt keep mind first step several steps steps easily fail field ssto step follow principles small management team years technology demonstration modest budget let show details ssrt might evolve see charts embarrassed generation compared last generation giants last great space era went moon built telescope ca see straight mars least could earth answer follow build little test little philosophy produce truly affordable routine access space know nay sayers among say ssrt stunt needs thermal protection engines wrong would better land horizontally etc etc say see white sands june bring bring rocketship say let us next step included speech fail still program offices staff summary sheets requirement analyses decade long programs,sci.space
everbody defining envelope world envelope chosen rather say shell boundary analogy envelopes airships perhaps actually shell might good push shell hard aircraft breaks,sci.space
actually idea like good ideas comes gods must one lesser known books remember one right protagonists balloon gondola travelling africa way around world balloon one drops fob watch speculate reaction natives finding thing dropped straight heaven notion pursued,sci.space
pointer article current science news article federal funding briefly shifted gaining current competitive advantage things like military work much commercial utility,sci.space
inherently bad really light pollution since visible shortly dusk day course night lasts hours probably going inconvienenced inconvienenced anyway case finally bronze age us indo european people speaking languages often much ancestry cultural background please try remember human activities practiced warrior caste farming caste priesthood act distressed someone found way research involve socialism certianly mean deserve die,sci.space
evidence indicates gamma ray bursters far away given enormous power wondering quantum black holes something like fairly close would galactic ranges pet theory flying saucers entering hyperspace reason asking everyone assumes colliding nuetron stars spinning black holes wondered mechanism could exist place closer,sci.space
things could worse lot worse comic fleetway produced short story featuring award winning character judge story focussed advertising agency future use high powered lights pointed moon paint images moon needless say use hacked load lovers romantics ad guys got chopped service discontinued cautionary tale indeed,sci.space
many point seen copy lunar resources data purchase act bill also known back moon bill would authorize government purchase lunar science data private vendors selected basis competitive bidding aggregate cap bid awards million copy bill ca want go legalese contained federal legislation free resource evaluate bill local congressional office listed phone book staffed people forward copy bill legal experts simply ask consider supporting lunar resources data purchase act get feedback negative positive congressional office please forward fullerton ca via another resource local chapter national space society members chapter happy work evaluate support back moon bill address telephone number nearest chapter please send check latest issue ad astra library near finally requested received information back moon bill please request database bill recently corrupted information lost authors bill thank patience,sci.space
well often reminded canada part united states yet could quite commercial er service going years toronto skysweepers clear skies hours money back discount rates available,sci.space
volunteering nasa available landing sites russian republic friends comrades,sci.space
could folk song memory serves part goes cavern canyon excavating mine daughter anyone watched huckleberry hound sing chorus person behind song,sci.space
texas star party years ago sky dark venus indeed cause light pollution set even billboard dark could cause problem imagine observing object halfway run object occulted would guess people stating positive opinions fanatically serious observers typical rights minority extinguished wants majority matter ridiculous wants might,sci.space
article brader mb mb figure seems unlikely actually anything sorry used talking language could say periapsis apoapsis,sci.space
date orbital planetary launch services following data comes reference guide space launch edition notes unless otherwise specified leo polar paylaods nm orbit reliablity data includes launches dec reliabity familiy vehicles includes launches types longer built applicable prices millions us subject change operational vehicle families included individual vehicles yet flown marked asterisk vehicle first launch publication data may still marked asterisk vehicle payload kg lbs reliability price launch site nation leo polar gto lat long ariane kourou esa atlas cape canaveral usa atlas vandeberg afb atlas atlas ii atlas iia atlas iias delta cape canaveral usa vandenberg afb delta delta energia baikonur russia energia series tangeshima japan kosmos plestek russia kosmos kapustin yar km orbit inclination long march jiquan slc china xichang slc taiyuan slc peg usa taur canaveral pegasus vandenberg taurus proton baikonour russia proton scout vandenberg afb usa wallops ff scout san marco enhanced scout shavit palmachim afb israel shavit space shuttle kennedy space usa center slv shar center india polar aslv pslv gslv titan cape canaveral usa vandenberg titan ii titan iii titan titan vostok baikonur russia plesetsk vostok soyuz molniya lbs highly eliptical orbit,sci.space
first thought consideration think likely try win come disappointing third try try kids matt,sci.space
yes give name would greatly appreciate rich,sci.space
,sci.space
